{
  "per_class": {
    "Atelectasis": {
      "auroc": 0.7238875099881908,
      "optimal_threshold": 0.5809141993522644,
      "tp": 148,
      "fp": 451,
      "tn": 376,
      "fn": 23,
      "sensitivity": 0.8654970760233918,
      "specificity": 0.4546553808948005,
      "precision": 0.24707846410684475,
      "npv": 0.9423558897243107,
      "f1": 0.38441558441558443,
      "accuracy": 0.5250501002004008,
      "prevalence": 0.1713426853707415
    },
    "Cardiomegaly": {
      "auroc": 0.7262700769550084,
      "optimal_threshold": 0.676026463508606,
      "tp": 180,
      "fp": 493,
      "tn": 310,
      "fn": 15,
      "sensitivity": 0.9230769230769231,
      "specificity": 0.386052303860523,
      "precision": 0.2674591381872214,
      "npv": 0.9538461538461539,
      "f1": 0.4147465437788018,
      "accuracy": 0.4909819639278557,
      "prevalence": 0.19539078156312625
    },
    "Consolidation": {
      "auroc": 0.688154960981048,
      "optimal_threshold": 0.715894341468811,
      "tp": 70,
      "fp": 612,
      "tn": 308,
      "fn": 8,
      "sensitivity": 0.8974358974358975,
      "specificity": 0.3347826086956522,
      "precision": 0.10263929618768329,
      "npv": 0.9746835443037974,
      "f1": 0.18421052631578946,
      "accuracy": 0.3787575150300601,
      "prevalence": 0.0781563126252505
    },
    "Edema": {
      "auroc": 0.8544198983857482,
      "optimal_threshold": 0.7308136820793152,
      "tp": 143,
      "fp": 458,
      "tn": 394,
      "fn": 3,
      "sensitivity": 0.9794520547945206,
      "specificity": 0.4624413145539906,
      "precision": 0.23793677204658903,
      "npv": 0.9924433249370277,
      "f1": 0.3828647925033467,
      "accuracy": 0.5380761523046093,
      "prevalence": 0.1462925851703407
    },
    "Enlarged Cardiomediastinum": {
      "auroc": 0.6054101980728052,
      "optimal_threshold": 0.6070823073387146,
      "tp": 38,
      "fp": 405,
      "tn": 529,
      "fn": 26,
      "sensitivity": 0.59375,
      "specificity": 0.5663811563169164,
      "precision": 0.08577878103837472,
      "npv": 0.9531531531531532,
      "f1": 0.14990138067061143,
      "accuracy": 0.5681362725450901,
      "prevalence": 0.06412825651302605
    },
    "Fracture": {
      "auroc": 0.6119650088372821,
      "optimal_threshold": 0.510834276676178,
      "tp": 23,
      "fp": 239,
      "tn": 712,
      "fn": 24,
      "sensitivity": 0.48936170212765956,
      "specificity": 0.7486855941114616,
      "precision": 0.08778625954198473,
      "npv": 0.967391304347826,
      "f1": 0.1488673139158576,
      "accuracy": 0.7364729458917836,
      "prevalence": 0.047094188376753505
    },
    "Lung Lesion": {
      "auroc": 0.5694760388231727,
      "optimal_threshold": 0.47951287031173706,
      "tp": 36,
      "fp": 505,
      "tn": 437,
      "fn": 20,
      "sensitivity": 0.6428571428571429,
      "specificity": 0.46390658174097665,
      "precision": 0.066543438077634,
      "npv": 0.9562363238512035,
      "f1": 0.12060301507537688,
      "accuracy": 0.47394789579158314,
      "prevalence": 0.056112224448897796
    },
    "Lung Opacity": {
      "auroc": 0.6345578461350581,
      "optimal_threshold": 0.5276116132736206,
      "tp": 259,
      "fp": 449,
      "tn": 240,
      "fn": 50,
      "sensitivity": 0.8381877022653722,
      "specificity": 0.3483309143686502,
      "precision": 0.365819209039548,
      "npv": 0.8275862068965517,
      "f1": 0.5093411996066863,
      "accuracy": 0.5,
      "prevalence": 0.3096192384769539
    },
    "No Finding": {
      "auroc": 0.735720793328194,
      "optimal_threshold": 0.3192839026451111,
      "tp": 117,
      "fp": 117,
      "tn": 634,
      "fn": 130,
      "sensitivity": 0.47368421052631576,
      "specificity": 0.844207723035952,
      "precision": 0.5,
      "npv": 0.8298429319371727,
      "f1": 0.4864864864864865,
      "accuracy": 0.7525050100200401,
      "prevalence": 0.24749498997995992
    },
    "Pleural Effusion": {
      "auroc": 0.8321723214048864,
      "optimal_threshold": 0.7255147695541382,
      "tp": 224,
      "fp": 342,
      "tn": 403,
      "fn": 29,
      "sensitivity": 0.8853754940711462,
      "specificity": 0.5409395973154363,
      "precision": 0.3957597173144876,
      "npv": 0.9328703703703703,
      "f1": 0.5470085470085471,
      "accuracy": 0.6282565130260521,
      "prevalence": 0.2535070140280561
    },
    "Pleural Other": {
      "auroc": 0.7089650009358038,
      "optimal_threshold": 0.5205550193786621,
      "tp": 31,
      "fp": 436,
      "tn": 523,
      "fn": 8,
      "sensitivity": 0.7948717948717948,
      "specificity": 0.5453597497393118,
      "precision": 0.06638115631691649,
      "npv": 0.9849340866290018,
      "f1": 0.1225296442687747,
      "accuracy": 0.5551102204408818,
      "prevalence": 0.03907815631262525
    },
    "Pneumonia": {
      "auroc": 0.626647697080855,
      "optimal_threshold": 0.649730920791626,
      "tp": 181,
      "fp": 491,
      "tn": 280,
      "fn": 46,
      "sensitivity": 0.7973568281938326,
      "specificity": 0.3631647211413748,
      "precision": 0.2693452380952381,
      "npv": 0.8588957055214724,
      "f1": 0.40266963292547275,
      "accuracy": 0.4619238476953908,
      "prevalence": 0.22745490981963928
    },
    "Pneumothorax": {
      "auroc": 0.7590136054421769,
      "optimal_threshold": 0.5111814737319946,
      "tp": 15,
      "fp": 342,
      "tn": 638,
      "fn": 3,
      "sensitivity": 0.8333333333333334,
      "specificity": 0.6510204081632653,
      "precision": 0.04201680672268908,
      "npv": 0.9953198127925117,
      "f1": 0.08,
      "accuracy": 0.654308617234469,
      "prevalence": 0.018036072144288578
    },
    "Support Devices": {
      "auroc": 0.7407147988505749,
      "optimal_threshold": 0.624822735786438,
      "tp": 101,
      "fp": 377,
      "tn": 493,
      "fn": 27,
      "sensitivity": 0.7890625,
      "specificity": 0.5666666666666667,
      "precision": 0.2112970711297071,
      "npv": 0.948076923076923,
      "f1": 0.3333333333333333,
      "accuracy": 0.5951903807615231,
      "prevalence": 0.1282565130260521
    }
  },
  "summary": {
    "mean_auroc": 0.7012411253729146,
    "mean_f1": 0.30478414287890493,
    "mean_sensitivity": 0.7716644756840951,
    "mean_specificity": 0.5197567657574984,
    "macro_f1": 0.30478414287890493,
    "micro_f1": 0.33819241982507287,
    "total_samples": 998
  }
}